dataset,impl,n,energy_total_mean,energy_total_sd,energy_total_var,energy_total_median,energy_total_min,energy_total_max,cpu_energy_mean,cpu_energy_sd,cpu_energy_var,cpu_energy_median,cpu_energy_min,cpu_energy_max,gpu_energy_mean,gpu_energy_sd,gpu_energy_var,gpu_energy_median,gpu_energy_min,gpu_energy_max,power_avg_total_mean,power_avg_total_sd,power_avg_total_var,power_avg_total_median,power_avg_total_min,power_avg_total_max,power_avg_cpu_mean,power_avg_cpu_sd,power_avg_cpu_var,power_avg_cpu_median,power_avg_cpu_min,power_avg_cpu_max,power_avg_gpu_calc_mean,power_avg_gpu_calc_sd,power_avg_gpu_calc_var,power_avg_gpu_calc_median,power_avg_gpu_calc_min,power_avg_gpu_calc_max,power_avg_gpu_meas_mean,power_avg_gpu_meas_sd,power_avg_gpu_meas_var,power_avg_gpu_meas_median,power_avg_gpu_meas_min,power_avg_gpu_meas_max,runtime_mean,runtime_sd,runtime_var,runtime_median,runtime_min,runtime_max,mem_gib_mean,mem_gib_sd,mem_gib_var,mem_gib_median,mem_gib_min,mem_gib_max,cpu_util_mean,cpu_util_sd,cpu_util_var,cpu_util_median,cpu_util_min,cpu_util_max,gpu_util_mean,gpu_util_sd,gpu_util_var,gpu_util_median,gpu_util_min,gpu_util_max,accuracy_mean,accuracy_sd,accuracy_var,accuracy_median,accuracy_min,accuracy_max
iris,skl_cpu,40,17.834399414,0.9002800223023861,0.8105041185567848,17.96014404,16.65722656,18.84051514,17.834399414,0.9002800223023861,0.8105041185567848,17.96014404,16.65722656,18.84051514,NA,NA,NA,NA,NA,NA,8.520718986085045,0.4293456679240474,0.18433770256514637,8.616111291004831,7.975714708109977,8.974124606277767,8.520718986085045,0.4293456679240474,0.18433770256514637,8.616111291004831,7.975714708109977,8.974124606277767,NA,NA,NA,NA,NA,NA,NA,NA,NA,NA,NA,NA,2.0930985929,0.013597516571075838,1.8489245690068203e-4,2.0917388205,2.06671977,2.114987135,13.364036560058594,0.14645515075998233,0.021449111184129156,13.34316635131836,13.148841857910156,13.739959716796875,28.416553372,3.455996689426781,11.943913117328869,28.587975229999998,23.90689909,31.96985919,NA,NA,NA,NA,NA,NA,1,0,0,1,1,1
wine,skl_cpu,40,18.278857421,0.8667625541371154,0.751277325254296,18.747283935,16.92169189,19.20397949,18.278857421,0.8667625541371154,0.751277325254296,18.747283935,16.92169189,19.20397949,NA,NA,NA,NA,NA,NA,8.711034842935224,0.4069873654588049,0.16563871564309882,8.912099062663803,8.079672542375313,9.098555647228093,8.711034842935224,0.4069873654588049,0.16563871564309882,8.912099062663803,8.079672542375313,9.098555647228093,NA,NA,NA,NA,NA,NA,NA,NA,NA,NA,NA,NA,2.09833107,0.013593129966153784,1.8477318227674798e-4,2.0950596335,2.074062347,2.124861002,13.347312545776367,0.08950096247476295,0.008010422283908926,13.352283477783203,13.166610717773438,13.518245697021484,29.308299687999998,2.9098572295054828,8.467269096105323,29.981088835,25.02232941,32.41488109,NA,NA,NA,NA,NA,NA,0.9615385000000001,0.03895147516708841,0.0015172174176923052,0.9615385000000001,0.923077,1
breast_cancer,skl_cpu,40,17.888842773,0.9321798543530091,0.8689592808615973,17.855804445,16.76928711,18.93762207,17.888842773,0.9321798543530091,0.8689592808615973,17.855804445,16.76928711,18.93762207,NA,NA,NA,NA,NA,NA,8.547086151087655,0.435502264154959,0.1896622220840957,8.570055224576588,7.945278214864703,9.034801601003617,8.547086151087655,0.435502264154959,0.1896622220840957,8.570055224576588,7.945278214864703,9.034801601003617,NA,NA,NA,NA,NA,NA,NA,NA,NA,NA,NA,NA,2.0928993941,0.013187596225096902,1.7391269419619009e-4,2.0932711365,2.070055008,2.113385201,13.34584846496582,0.08935813069120013,0.007984875520625604,13.343786239624023,13.157325744628906,13.509429931640625,28.581748858,3.4423155529493097,11.84953636607671,28.460874705000002,24.3358907,32.79258741,NA,NA,NA,NA,NA,NA,0.9429825000000001,0.031092617678519195,9.667508741025644e-4,0.9429825000000001,0.912281,0.973684
digits,skl_cpu,40,18.050335694,1.1830530501241339,1.3996145194080165,17.917053225,16.75982666,20.28796387,18.050335694,1.1830530501241339,1.3996145194080165,17.917053225,16.75982666,20.28796387,NA,NA,NA,NA,NA,NA,8.585780623924787,0.5665435821461455,0.32097163047098637,8.437820987520041,7.952948837475241,9.644196304945861,8.585780623924787,0.5665435821461455,0.32097163047098637,8.437820987520041,7.952948837475241,9.644196304945861,NA,NA,NA,NA,NA,NA,NA,NA,NA,NA,NA,NA,2.102536273,0.024104322853267298,5.810183802145442e-4,2.0943307874999997,2.072098017,2.160709858,13.345449447631836,0.08672561760974923,0.007521332749792446,13.344480514526367,13.159038543701172,13.494739532470703,29.08425194,3.7113472676959978,13.77409854143455,28.768993805,25.24614892,35.44140518,NA,NA,NA,NA,NA,NA,0.986111,0.014065937069425027,1.9785058564102513e-4,0.986111,0.972222,1
iris,intelex_cpu,20,21.809326174,0.1001509284817434,0.01003020847575528,21.78393555,21.68792725,21.94787598,21.809326174,0.1001509284817434,0.01003020847575528,21.78393555,21.68792725,21.94787598,NA,NA,NA,NA,NA,NA,10.467509023429313,0.0726526181913312,0.005278402930055349,10.443858966800486,10.385204864111632,10.598233336662176,10.467509023429313,0.0726526181913312,0.005278402930055349,10.443858966800486,10.385204864111632,10.598233336662176,NA,NA,NA,NA,NA,NA,NA,NA,NA,NA,NA,NA,2.0835790633999998,0.01078662795164698,1.1635134256725192e-4,2.086180449,2.070899487,2.096367359,13.407209014892578,0.07334588112410467,0.005379618277871295,13.391868591308594,13.294212341308594,13.507366180419922,28.974768962,0.5971192456371055,0.35655139351022597,29.15120469,28.10290339,29.82847055,NA,NA,NA,NA,NA,NA,1,0,0,1,1,1
wine,intelex_cpu,20,21.868933106,0.2318884807306009,0.05377226749554626,21.88879395,21.50842285,22.16912842,21.868933106,0.2318884807306009,0.05377226749554626,21.88879395,21.50842285,22.16912842,NA,NA,NA,NA,NA,NA,10.478009257258462,0.1407269763569111,0.019804081874558614,10.498486435332383,10.24857009229596,10.614599789761948,10.478009257258462,0.1407269763569111,0.019804081874558614,10.498486435332383,10.24857009229596,10.614599789761948,NA,NA,NA,NA,NA,NA,NA,NA,NA,NA,NA,NA,2.0872090816,0.007933865068605418,6.294621492683726e-5,2.088550568,2.07469058,2.098675489,13.41260223388672,0.06847343816738292,0.004688611734462412,13.405200958251953,13.304183959960938,13.502262115478516,29.399381232,0.36049721806087087,0.1299582442296271,29.47507095,28.761563,29.75771926,NA,NA,NA,NA,NA,NA,1,0,0,1,1,1
breast_cancer,intelex_cpu,20,23.502905274,1.4259042977154974,2.0332030662435256,22.8604126,21.97454834,25.88494873,23.502905274,1.4259042977154974,2.0332030662435256,22.8604126,21.97454834,25.88494873,NA,NA,NA,NA,NA,NA,11.25432673092451,0.632564903979843,0.40013835774702805,11.036977350172288,10.635262112114114,12.366998037989672,11.25432673092451,0.632564903979843,0.40013835774702805,11.036977350172288,10.635262112114114,12.366998037989672,NA,NA,NA,NA,NA,NA,NA,NA,NA,NA,NA,NA,2.0878974437999998,0.018183905929786037,3.3065443486330774e-4,2.093066454,2.066197157,2.11557126,13.44324951171875,0.11888834911974462,0.014134439556418282,13.39749526977539,13.30911636352539,13.654441833496094,31.295991784,1.7000944032043404,2.8903209798067224,30.74678846,29.41335681,34.29040691,NA,NA,NA,NA,NA,NA,0.973684,0,0,0.973684,0.973684,0.973684
digits,intelex_cpu,20,22.112805176000002,0.04909954464049797,0.002410765283904253,22.10968018,22.03491211,22.18481445,22.112805176000002,0.04909954464049797,0.002410765283904253,22.10968018,22.03491211,22.18481445,NA,NA,NA,NA,NA,NA,10.604958434338895,0.06236102832282384,0.0038888978534800376,10.598423568073413,10.514728520463288,10.684272031083296,10.604958434338895,0.06236102832282384,0.0038888978534800376,10.598423568073413,10.514728520463288,10.684272031083296,NA,NA,NA,NA,NA,NA,NA,NA,NA,NA,NA,NA,2.0851967814,0.011290262686888347,1.2747003153894328e-4,2.093218327,2.069275618,2.095623493,13.435190582275391,0.08734427397280956,0.007629022195837216,13.401161193847656,13.331253051757812,13.584487915039062,28.326858606000002,1.5014309584717311,2.254294923057341,28.9223426,25.42171039,29.31311152,NA,NA,NA,NA,NA,NA,1,0,0,1,1,1
iris,trh_gpu,20,58.102816547399996,0.7609424460187555,0.5790334061530067,57.607510334,57.433535166,59.1605396,54.23446045,0.890546845649054,0.79307368429548,53.64208984,53.44146729,55.40032959,3.8683560974,0.22057516680798195,0.04865340421236906,3.967019472,3.438800915,3.992067876,8.092482327042024,0.10774569794594228,0.011609135425858232,8.029896739834447,8.00045394090524,8.271722965551751,7.553619670792493,0.11982446311309734,0.014357901960342026,7.47175779313651,7.448233701302485,7.715460020701271,0.538862656249532,0.03212850276646353,0.0010322406900146546,0.5522202396027565,0.47643792794220385,0.5581389466979382,3.9299999999999997,0.3038851738111324,0.09234619886222213,3.83,3.503333333,4.293333333,7.1799127577999995,0.0257658718888216,6.638801541911672e-4,7.183763266,7.152142286,7.217731237,13.834580993652343,0.04278210726219556,0.001830308701794006,13.848182678222656,13.757404327392578,13.878395080566406,18.036720278,0.579664627383677,0.33601108023985704,18.20344982,17.30476956,18.70777746,6.108984,1.1229749108993812,1.2610726505094731,5.34712,5.34712,8.15644,1,0,0,1,1,1
wine,trh_gpu,20,61.801866612199994,5.572533954661345,31.05313467585361,59.704193546999996,56.682018643999996,71.55622951,55.315734862,1.922482821620069,3.6959401994242613,55.53314209,53.12042236,57.74243164,6.4861317502,3.91301418313215,15.311679997393368,4.228989178,3.561596284,13.81379787,8.614764060058494,0.790420926000796,0.6247652402599558,8.294684526810627,7.891018569701026,9.997965274722779,7.70995411773565,0.2769302482713929,0.07669036240765532,7.715201681042464,7.395188973522783,8.06787655481617,0.9048099423228448,0.5475825150202753,0.29984661075593,0.5895596920319988,0.4958295961782432,1.9300887199066101,6.4780000006,3.9115367538433437,15.300119776667321,4.47,3.54,13.75666667,7.1748749734,0.014895561244480679,2.2187774478807476e-4,7.173131466,7.15707922,7.19788599,13.838249206542969,0.03920593303289359,0.0015371051849797368,13.847434997558594,13.76919174194336,13.879928588867188,18.467260474,1.1135944998782474,1.2400927101590842,18.10053872,17.54488153,20.55046634,6.460584,0.40160011509748816,0.16128265244631576,6.23895,6.23895,7.23895,0.9461536,0.04024222207216274,0.001619436437305262,0.961538,0.884615,1
breast_cancer,trh_gpu,20,61.3918335232,3.1428699643906874,9.87763161306912,59.893987944,58.219622163,66.809551399,56.242871094,2.8677702270074956,8.224106074910623,55.05938721,53.84741211,61.69274902,5.1489624292,1.3913980850791685,1.9359886311619772,4.380465274,4.099615384,7.775719056,8.556019265953115,0.4409211463474819,0.19441145729637754,8.336423977568757,8.133992293263605,9.339045973016084,7.838855441863859,0.41115423210004687,0.16904780257377922,7.681810404098349,7.523141147990575,8.623788174517616,0.717163824089256,0.1914945515467314,0.036670163272083764,0.6111565242864373,0.5706103927816849,1.0779432596066585,5.0306666666,1.2586512785931563,1.5842030411041872,4.366666667,4.043333333,7.33,7.1753901006,0.022394279441416243,5.015037517002382e-4,7.16750145,7.153787613,7.213477135,13.85508041381836,0.045066422899247595,0.002030982472933828,13.864933013916016,13.773006439208984,13.901496887207031,19.093243556,2.5934497617549823,6.725981666746975,17.53530363,17.48923779,24.02939648,9.931962,1.3951494441347398,1.9464419714694734,10.48267,7.23895,10.97285,0.9614032,0.007199905683592779,5.1838641852631605e-5,0.95614,0.95614,0.973684
digits,trh_gpu,20,59.229666461200004,1.0115092194167443,1.0231509009650714,59.320950048,57.490269217000005,60.50505999,55.26040039,0.9822985190869907,0.9649103806004952,55.4697876,53.56451416,56.50830078,3.9692660712,0.08244280036487814,0.006796815332003152,3.978477716,3.851162448,4.094175925,8.245476421698038,0.13356656291433353,0.017840026728748615,8.263210781434472,8.023437811214887,8.426655693632878,7.692893455254851,0.12942975854362584,0.01675206239666129,7.707524076719169,7.475552891020638,7.8700193766274475,0.5525829664431858,0.011738533770299858,1.377931750764702e-4,0.5556867047153031,0.5339845123134325,0.5687223779875169,3.9473333332,0.3047952048236026,0.09290011688346188,3.81,3.603333333,4.413333333,7.1832168102,0.02037139738205394,4.149938312975542e-4,7.180198431,7.15956974,7.212123871,13.836640930175781,0.040622820097699415,0.0016502135126900514,13.85614013671875,13.78350830078125,13.882793426513672,17.730337216,0.7481937493033658,0.5597938864966278,17.58035013,16.66727999,18.64685746,8.919722,1.1256968116149213,1.2671933116799996,8.15644,8.15644,10.97285,1,0,0,1,1,1
iris,xgb_cpu,20,22.352673338,0.05314731127430939,0.0028246366956883344,22.3538208,22.27490234,22.41088867,22.352673338,0.05314731127430939,0.0028246366956883344,22.3538208,22.27490234,22.41088867,NA,NA,NA,NA,NA,NA,10.66834644449137,0.0878485545397927,0.0077173685347309345,10.69026397105153,10.537666257839813,10.794855792650056,10.66834644449137,0.0878485545397927,0.0077173685347309345,10.69026397105153,10.537666257839813,10.794855792650056,NA,NA,NA,NA,NA,NA,NA,NA,NA,NA,NA,NA,2.095348549,0.015352901317629258,2.357115788688622e-4,2.096383095,2.070784569,2.117948771,13.310688781738282,0.06410177949479723,0.004109038134399606,13.338027954101562,13.18597412109375,13.346244812011719,23.230093202,0.30797112356510675,0.09484621294995427,23.28771293,22.69919086,23.56232029,NA,NA,NA,NA,NA,NA,1,0,0,1,1,1
wine,xgb_cpu,20,22.465368654,0.12228837651408984,0.014954447030451802,22.43548584,22.28344727,22.62097168,22.465368654,0.12228837651408984,0.014954447030451802,22.43548584,22.28344727,22.62097168,NA,NA,NA,NA,NA,NA,10.72844399090624,0.21902628394919005,0.04797251306059123,10.806616555935488,10.33029250564347,10.923183653218917,10.72844399090624,0.21902628394919005,0.04797251306059123,10.806616555935488,10.33029250564347,10.923183653218917,NA,NA,NA,NA,NA,NA,NA,NA,NA,NA,NA,NA,2.0947693824,0.04112401904811095,0.0016911849426693923,2.073447704,2.062018871,2.171815157,13.310478210449219,0.07169711177499818,0.005140475836876584,13.338050842285156,13.171443939208984,13.356391906738281,23.069329316,0.2992598341893451,0.08955644835903431,23.17188196,22.71887974,23.39245909,NA,NA,NA,NA,NA,NA,1,0,0,1,1,1
breast_cancer,xgb_cpu,20,24.972766112,3.58456438199952,12.849101808699599,23.26928711,23.04772949,31.95776367,24.972766112,3.58456438199952,12.849101808699599,23.26928711,23.04772949,31.95776367,NA,NA,NA,NA,NA,NA,11.91946585858468,1.66922887636197,2.7863250416806453,11.144747310908723,11.038129358073984,15.17218110031557,11.91946585858468,1.66922887636197,2.7863250416806453,11.144747310908723,11.038129358073984,15.17218110031557,NA,NA,NA,NA,NA,NA,NA,NA,NA,NA,NA,NA,2.0943212512000002,0.010989743193455307,1.2077445545809726e-4,2.090150595,2.080003262,2.107197762,13.333802032470704,0.08466042806951414,0.007167388080913378,13.375350952148438,13.172595977783203,13.395660400390625,27.475329464,3.6268861168737856,13.154302904771807,24.92812629,24.68754188,33.52588887,NA,NA,NA,NA,NA,NA,0.947368,0,0,0.947368,0.947368,0.947368
digits,xgb_cpu,20,22.626037598,0.15884452680239386,0.02523158369507642,22.64898682,22.44921875,22.8762207,22.626037598,0.15884452680239386,0.02523158369507642,22.64898682,22.44921875,22.8762207,NA,NA,NA,NA,NA,NA,10.88001848750011,0.1437450280075502,0.020662633076891392,10.931041830471127,10.63438996088965,11.05225543402816,10.88001848750011,0.1437450280075502,0.020662633076891392,10.931041830471127,10.63438996088965,11.05225543402816,NA,NA,NA,NA,NA,NA,NA,NA,NA,NA,NA,NA,2.079788971,0.01739830214082834,3.027009173835519e-4,2.071009159,2.069788694,2.11350441,13.279566192626953,0.09460605175112342,0.008950305027936242,13.348339080810547,13.160003662109375,13.3634033203125,23.81053558,0.5147773172208512,0.26499568632509685,23.73092742,23.29752102,24.75218289,NA,NA,NA,NA,NA,NA,0.958333,0,0,0.958333,0.958333,0.958333
iris,xgb_gpu,20,28.287207820200003,2.3387926103229315,5.469950874101151,27.232447655,26.988159239,32.836345514,23.968212892,1.8079619072836017,3.2687262581885586,23.20758057,22.91790771,27.47949219,4.3189949282,0.5733407390533515,0.3287196030582433,4.179234263,3.682922419,5.356853324,3.93399473470238,0.32849795486525873,0.10791090635065756,3.7939506577967292,3.7452290148664282,4.5723374022668954,3.3332989141505487,0.2538798006630277,0.06445495318469865,3.228945361051656,3.1799032464073225,3.82641575878376,0.6006958205518315,0.08035932870470378,0.006457621709870629,0.5814703107701841,0.5114740814388882,0.7459216434831349,4.4193333334,0.6157215138240865,0.3791129825858247,4.493333333,3.766666667,5.456666667,7.1908904076,0.011492886210314603,1.3208643344323956e-4,7.187356234,7.17786026,7.207108498,13.348967742919921,0.09907602886627324,0.00981605949591061,13.409732818603516,13.226917266845703,13.437240600585938,25.783753496,1.3193989133360782,1.7408134925124241,25.44431312,24.77443363,28.30005171,4.91875,0.8207878118003457,0.6736926319999996,4.31874,4.31874,6.31874,1,0,0,1,1,1
wine,xgb_gpu,20,28.586988736400002,1.5288735374413185,2.3374542934883307,27.67621609,27.615941353,31.493966757000003,23.68828125,0.4836839013866639,0.233950116460624,23.45123291,23.39501953,24.62414551,4.8987074864,1.0495514085407758,1.1015581591699264,4.258395915,4.204564403,6.869821247,3.98253056937882,0.22404321893888887,0.0501953639524989,3.850905954130877,3.830580148425445,4.406557577350966,3.2997994893373908,0.0759700337879528,0.005771446033742691,3.2630361083739094,3.2473691425417566,3.445349257529328,0.6827310800414295,0.14841590741725308,0.02202728157448664,0.5925112728097967,0.5832110058836886,0.9612083198216388,4.8180000002,0.8065712572287144,0.6505571929875089,4.556666667,3.996666667,5.936666667,7.1791109084,0.021804033534144517,4.7541587835809863e-4,7.186936378,7.147068024,7.209336519,13.353243255615235,0.10290487455710026,0.01058941320761254,13.41843032836914,13.220672607421875,13.457778930664062,25.156351364,1.096572823476305,1.2024719571867954,25.64249843,23.10130827,26.114236,5.1182300000000005,0.10343913745722508,0.010699655157894705,5.06782,5.06782,5.31987,1,0,0,1,1,1
breast_cancer,xgb_gpu,20,29.847854090000002,1.0763886857214147,1.1586126027490744,29.315663002,29.046689576000002,31.899939445,25.66838379,1.1732017710093672,1.3764023954995157,25.57769775,24.15472412,27.6817627,4.1794703,0.4086518014902282,0.16699629486120887,4.076710362,3.677363319,4.891965456,4.151603562775063,0.15622986712990689,0.02440777138342836,4.07802727767131,4.026080797960838,4.446739088916301,3.5703612338207624,0.1695282505006574,0.02873982771781364,3.553616255915202,3.3480190816624402,3.8587401227022995,0.5812423289543003,0.056065773039212466,0.0031433709064844838,0.5671008040400477,0.5109114274878269,0.6780617162983976,4.2620000000000005,0.6035164014372292,0.3642320468037428,3.976666667,3.833333333,5.4,7.189876318,0.015669427633823046,2.455309623716173e-4,7.188687325,7.173782587,7.214631557,13.361288452148438,0.10538781355774948,0.011106591246482967,13.411460876464844,13.231269836425781,13.486297607421875,25.187510122,1.1486089508835529,1.319302522049816,24.58563511,24.08821923,26.59721712,7.68211,0.410391340834062,0.16842105263157922,7.48211,7.48211,8.48211,0.947368,0,0,0.947368,0.947368,0.947368
digits,xgb_gpu,20,27.6898873224,0.5593637521113618,0.312887807176101,27.695070431,26.95103182,28.630097136,23.614953612,0.5736319874699934,0.3290536570487747,23.37219238,23.2444458,24.72436523,4.0749337104,0.27457672412452855,0.07539237743095745,4.007142129,3.70658602,4.432330446,3.8465674874005855,0.08623679330594088,0.007436784519691569,3.845842075643573,3.716820713245907,3.9794667772350696,3.2804136953704197,0.08267045700218799,0.006834404460950614,3.2475298715878607,3.205644896803132,3.436585965937706,0.566153792030166,0.03971777438134771,0.0015775016018076402,0.55828936141678,0.511175816442775,0.6181317986774529,4.078,0.34852806621276816,0.12147181293801172,4.016666667,3.683333333,4.7,7.1989837172,0.02906109663630674,8.44547337704759e-4,7.194455624,7.170526505,7.251098156,13.368694305419922,0.11400826029239572,0.012997883414898655,13.43466567993164,13.226593017578125,13.484821319580078,25.285973372,0.9927226556990518,0.9854982711381782,25.68980984,23.36535503,25.99475121,6.49458,0.41039134083406165,0.16842105263157894,6.29458,6.29458,7.29458,0.958333,0,0,0.958333,0.958333,0.958333
